{"cameraMode":{"drawMode":0,"name":"Shaded","section":"Shading Mode"},"sceneLighting":false,"audioPlay":false,"sceneViewState":{"m_AlwaysRefresh":false,"showFog":true,"showSkybox":true,"showFlares":true,"showImageEffects":true,"showParticleSystems":true,"showVisualEffectGraphs":true,"m_FxEnabled":true},"in2DMode":false,"pivot":{"x":1020.4051513671875,"y":907.8510131835938,"z":663.3402099609375},"rotation":{"x":0.4708744287490845,"y":-0.04043317213654518,"z":0.02161034196615219,"w":0.8810854554176331},"size":11.202871322631836,"orthographic":false}